SampleID	Day	Month_nb	Year	Date	Saison	Season	Season_combined	Diet	Months	SwabID	Project_name	Person_responsible	Barcode_primer_plate	Barcode_primer_well	Other_primer	Barcoded_primer_name	Barcode	Primer_pair	Gorilla_name	Cluster_SampleID	Cluster_Duplicate	Temporal	Site	Age_Status	Age	Social_Status	Group_name	Group_size	Bay_Visit	Yaws	Yaw_Status	Sex_Char
G0103	15	8	2000	15-08-2000	Summer	Long-Dry	Dry	HF	August	47	Gor_Ren_18s_2018	Vince_Billy	4	A11	TAReuk454FWD1	TAReukREV3_Miseq_0299	CTACTTACATCC	TareukREV3/TAReuk454FWD1	Abel_L24	G0103	G0103	no	Lokoue	SB_GR	SB	GR	tbd	tbd	tbd	yes	to_qualitfy	yes
G0810	8	4	2006	08-04-2006	Spring	Short-Rain	Rain	LF	April	2962	Gor_Ren_18s_2018	Vince_Billy	4	F07	TAReuk454FWD1	TAReukREV3_Miseq_0355	TCCGTGGTATAG	TareukREV3/TAReuk454FWD1	Achille_L12	G0810	G0810	no	Lokoue	SB_sol_GR	SB	GR	tbd	tbd	tbd	no	none	yes
G0638	28	2	2005	28-02-2005	Winter	Short-Dry	Dry	LF	February	2218	Gor_Ren_18s_2018	Vince_Billy	4	B07	TAReuk454FWD1	TAReukREV3_Miseq_0307	TGTACATCGCCG	TareukREV3/TAReuk454FWD1	Arthur	G0640	G0638	yes	Lokoue	BB_SB_sol_GR	SB	GR	tbd	tbd	tbd	no	none	yes
G0640	22	3	2005	22-03-2005	Spring	Short-Rain	Rain	LF	March	5467	Gor_Ren_18s_2018	Vince_Billy	4	F08	TAReuk454FWD1	TAReukREV3_Miseq_0356	ATGCTGCAACAC	TareukREV3/TAReuk454FWD1	Arthur	G0640	G0640	yes	Lokoue	BB_SB_sol_GR	SB	GR	tbd	tbd	tbd	no	none	yes
G0800	28	3	2006	28-03-2006	Spring	Short-Rain	Rain	LF	March	2966	Gor_Ren_18s_2018	Vince_Billy	4	G07	TAReuk454FWD1	TAReukREV3_Miseq_0367	GTCATGCTCCAG	TareukREV3/TAReuk454FWD1	Arthur	G0640	G0800	yes	Lokoue	BB_SB_sol_GR	SB	GR	tbd	tbd	tbd	no	none	yes
G0782	15	1	2006	15-01-2006	Winter	Short-Dry	Dry	LF	January	2946	Gor_Ren_18s_2018	Vince_Billy	4	E07	TAReuk454FWD1	TAReukREV3_Miseq_0343	CACACAAAGTCA	TareukREV3/TAReuk454FWD1	Bangwetu	G0782	G0782	yes	Lokoue	SB_sol	SB	sol	tbd	tbd	tbd	no	none	yes/no
G0971	31	12	2008	31-12-2008	Winter	Long-Rain	Rain	LF	December	3510	Gor_Ren_18s_2018	Vince_Billy	4	E08	TAReuk454FWD1	TAReukREV3_Miseq_0344	GCCAAGGATAGG	TareukREV3/TAReuk454FWD1	Bangwetu	G0782	G0971	yes	Lokoue	SB_sol	SB	sol	tbd	tbd	tbd	no	none	yes/no
G0983	28	1	2009	28-01-2009	Winter	Short-Dry	Dry	LF	January	3384	Gor_Ren_18s_2018	Vince_Billy	4	B08	TAReuk454FWD1	TAReukREV3_Miseq_0308	TGTTAAGCAGCA	TareukREV3/TAReuk454FWD1	Bangwetu	G0782	G0983	yes	Lokoue	SB_sol	SB	sol	tbd	tbd	tbd	no	none	yes/no
G0309	3	2	2002	03-02-2002	Winter	Short-Dry	Dry	LF	February	6002	Gor_Ren_18s_2018	Vince_Billy	4	E11	TAReuk454FWD1	TAReukREV3_Miseq_0347	CATGTGCTTAGG	TareukREV3/TAReuk454FWD1	Cornelius_L15	G0309	G0309	no	Lokoue	SB_GR	SB	GR	tbd	tbd	tbd	no	none	yes
G1172	22	2	2013	22-02-2013	Winter	Short-Dry	Dry	LF	February	4113	Gor_Ren_18s_2018	Vince_Billy	4	D05	TAReuk454FWD1	TAReukREV3_Miseq_0329	CTCTGCCTAATT	TareukREV3/TAReuk454FWD1	Cris	G1172	G1172	no	Romani	SB_sol	SB	sol	tbd	tbd	tbd	yes	to_qualitfy	no
G1303	28	4	2013	28-04-2013	Spring	Short-Rain	Rain	LF	April	4379	Gor_Ren_18s_2018	Vince_Billy	4	F05	TAReuk454FWD1	TAReukREV3_Miseq_0353	GAGTACAGTCTA	TareukREV3/TAReuk454FWD1	Dagda	G1303	G1303	no	Romani	SB_sol	SB	sol	tbd	tbd	tbd	no	none	yes
G0933	29	12	2008	29-12-2008	Winter	Long-Rain	Rain	LF	December	3655	Gor_Ren_18s_2018	Vince_Billy	4	A02	TAReuk454FWD1	TAReukREV3_Miseq_0290	GACGCACTAACT	TareukREV3/TAReuk454FWD1	Dali	G0933	G0933	no	Romani	BB_sol	BB	sol	tbd	tbd	tbd	yes	to_qualitfy	no
G0662	17	1	2006	17-01-2006	Winter	Short-Dry	Dry	LF	January	2416	Gor_Ren_18s_2018	Vince_Billy	4	C07	TAReuk454FWD1	TAReukREV3_Miseq_0319	AGGAACCAGACG	TareukREV3/TAReuk454FWD1	Diyo_L15	G0662	G0662	yes	Lokoue	SB_GR_sol	SB	sol	tbd	tbd	tbd	no	none	yes
G0784	3	6	2005	03-06-2005	Summer	Long-Dry	Dry	LF	June	2927	Gor_Ren_18s_2018	Vince_Billy	4	D07	TAReuk454FWD1	TAReukREV3_Miseq_0331	CTCTATTCCACC	TareukREV3/TAReuk454FWD1	Diyo_L15	G0662	G0784	yes	Lokoue	SB_GR_sol	SB	sol	tbd	tbd	tbd	no	none	yes
G0806	30	7	2008	30-07-2008	Summer	Long-Dry	Dry	HF	July	2970	Gor_Ren_18s_2018	Vince_Billy	4	A08	TAReuk454FWD1	TAReukREV3_Miseq_0296	ATAATTGCCGAG	TareukREV3/TAReuk454FWD1	Diyo_L15	G0662	G0806	yes	Lokoue	SB_GR_sol	SB	sol	tbd	tbd	tbd	no	none	yes
G0924	30	7	2008	30-07-2008	Summer	Long-Dry	Dry	HF	July	3633	Gor_Ren_18s_2018	Vince_Billy	4	D08	TAReuk454FWD1	TAReukREV3_Miseq_0332	ATTGAGTGAGTC	TareukREV3/TAReuk454FWD1	Diyo_L15	G0662	G0924	yes	Lokoue	SB_GR_sol	SB	sol	tbd	tbd	tbd	no	none	yes
G0938	11	1	2009	11-01-2009	Winter	Short-Dry	Dry	LF	January	3669	Gor_Ren_18s_2018	Vince_Billy	4	C02	TAReuk454FWD1	TAReukREV3_Miseq_0314	CGGAGTAATCCT	TareukREV3/TAReuk454FWD1	Djomo	G0938	G0938	no	Romani	SB_sol	SB	sol	tbd	tbd	tbd	yes	to_qualitfy	no
G1357	29	4	2014	29-04-2014	Spring	Short-Rain	Rain	LF	April	6097	Gor_Ren_18s_2018	Vince_Billy	4	F06	TAReuk454FWD1	TAReukREV3_Miseq_0354	CCTACATGAGAC	TareukREV3/TAReuk454FWD1	Edward_BB1BHU	G1357	G1357	no	Romani	BB_GNR_sol	BB	sol	tbd	tbd	tbd	yes	to_qualitfy	yes
G1339	31	3	2014	31-03-2014	Spring	Short-Rain	Rain	LF	March	5158	Gor_Ren_18s_2018	Vince_Billy	4	B06	TAReuk454FWD1	TAReukREV3_Miseq_0306	GAGATCGCCTAT	TareukREV3/TAReuk454FWD1	Emira	G1339	G1339	yes	Romani	sub_sol	sub	sol	tbd	tbd	tbd	no	none	yes
G1340	31	3	2014	31-03-2014	Spring	Short-Rain	Rain	LF	March	5161	Gor_Ren_18s_2018	Vince_Billy	4	C06	TAReuk454FWD1	TAReukREV3_Miseq_0318	GTTTCCGTGGTG	TareukREV3/TAReuk454FWD1	Emira	G1339	G1339	yes	Romani	sub_sol	sub	sol	tbd	tbd	tbd	no	none	yes
G0374	2	5	2002	02-05-2002	Spring	Short-Rain	Rain	LF	May	2712	Gor_Ren_18s_2018	Vince_Billy	4	E09	TAReuk454FWD1	TAReukREV3_Miseq_0345	CGCCACGTGTAT	TareukREV3/TAReuk454FWD1	Erbus_S21	G0374	G0374	no	Lokoue	SB_sol	SB	sol	tbd	tbd	tbd	yes	to_qualitfy	yes
G0624	15	12	2004	15-12-2004	Winter	Long-Rain	Rain	LF	December	5452	Gor_Ren_18s_2018	Vince_Billy	4	F10	TAReuk454FWD1	TAReukREV3_Miseq_0358	CATAGTGATTGG	TareukREV3/TAReuk454FWD1	Gimli_L61	G0624	G0624	no	Lokoue	SB_GNR	SB	GR	tbd	tbd	tbd	no	none	yes
G0669	30	4	2005	30-04-2005	Spring	Short-Rain	Rain	LF	April	5882	Gor_Ren_18s_2018	Vince_Billy	4	G08	TAReuk454FWD1	TAReukREV3_Miseq_0368	CCTAGTAAGCTG	TareukREV3/TAReuk454FWD1	Gromit	G0669	G0669	no	Lokoue	SB_sol_GR	SB	GR	tbd	tbd	tbd	no	none	yes
G1151	11	2	2013	11-02-2013	Winter	Short-Dry	Dry	LF	February	4609	Gor_Ren_18s_2018	Vince_Billy	4	A06	TAReuk454FWD1	TAReukREV3_Miseq_0294	CAGTCGTTAAGA	TareukREV3/TAReuk454FWD1	Guardiola	G1151	G1151	no	Romani	SB_sol	SB	sol	tbd	tbd	tbd	no	none	no
G0313	22	3	2002	22-03-2002	Spring	Short-Rain	Rain	LF	March	2750	Gor_Ren_18s_2018	Vince_Billy	4	A05	TAReuk454FWD1	TAReukREV3_Miseq_0293	CGCACTACGCAT	TareukREV3/TAReuk454FWD1	Icare_l32	G0313	G0313	no	Lokoue	SB_GR	SB	GR	tbd	tbd	tbd	no	none	yes
G0170	29	10	2001	29-10-2001	Fall	Long-Rain	Rain	LF	October	5779	Gor_Ren_18s_2018	Vince_Billy	4	G10	TAReuk454FWD1	TAReukREV3_Miseq_0370	GCTTAGATGTAG	TareukREV3/TAReuk454FWD1	Igor_S12	G0170	G0170	no	Lokoue	SB_sol	SB	sol	tbd	tbd	tbd	yes	to_qualitfy	yes
G1304	30	4	2013	30-04-2013	Spring	Short-Rain	Rain	LF	April	4381	Gor_Ren_18s_2018	Vince_Billy	4	G04	TAReuk454FWD1	TAReukREV3_Miseq_0364	CATCGCGTTGAC	TareukREV3/TAReuk454FWD1	Incrustman	G1304	G1304	yes	Romani	BB_sol	BB	sol	tbd	tbd	tbd	yes	to_qualitfy	yes
G1305	30	4	2013	30-04-2013	Spring	Short-Rain	Rain	LF	April	4386	Gor_Ren_18s_2018	Vince_Billy	4	G05	TAReuk454FWD1	TAReukREV3_Miseq_0365	GCACATAGTCGT	TareukREV3/TAReuk454FWD1	Incrustman	G1304	G1304	yes	Romani	BB_sol	BB	sol	tbd	tbd	tbd	yes	to_qualitfy	yes
G1118	10	3	2010	10-03-2010	Spring	Short-Rain	Rain	LF	March	3921	Gor_Ren_18s_2018	Vince_Billy	4	F02	TAReuk454FWD1	TAReukREV3_Miseq_0350	GTTCACGCCCAA	TareukREV3/TAReuk454FWD1	Jc	G1118	G1118	no	Romani	BB_sol	BB	sol	tbd	tbd	tbd	no	none	no
G0934	31	12	2008	31-12-2008	Winter	Long-Rain	Rain	LF	December	3657	Gor_Ren_18s_2018	Vince_Billy	4	B02	TAReuk454FWD1	TAReukREV3_Miseq_0302	TATCCAAGCGCA	TareukREV3/TAReuk454FWD1	Katikati	G0934	G0934	no	Romani	SB_sol	SB	sol	tbd	tbd	tbd	no	none	no
G0734	3	3	2005	03-03-2005	Spring	Short-Rain	Rain	LF	March	2867	Gor_Ren_18s_2018	Vince_Billy	4	A01	TAReuk454FWD1	TAReukREV3_Miseq_0289	TCGTGGATAGCT	TareukREV3/TAReuk454FWD1	Kiki	G0734	G0734	no	Romani	BB_sol	BB	sol	tbd	tbd	tbd	no	none	yes
G0958	24	1	2009	24-01-2009	Winter	Short-Dry	Dry	LF	January	3713	Gor_Ren_18s_2018	Vince_Billy	4	B05	TAReuk454FWD1	TAReukREV3_Miseq_0305	CTTCCAACTCAT	TareukREV3/TAReuk454FWD1	Kiki	G0734	G0958	no	Romani	BB_sol	BB	sol	tbd	tbd	tbd	no	none	no
G0884	24	7	2008	24-07-2008	Summer	Long-Dry	Dry	HF	July	3214	Gor_Ren_18s_2018	Vince_Billy	4	D01	TAReuk454FWD1	TAReukREV3_Miseq_0325	GCTGTGATTCGA	TareukREV3/TAReuk454FWD1	Kitoko	G0884	G0884	no	Romani	SB_sol	SB	sol	tbd	tbd	tbd	no	none	yes
G1072	23	1	2010	23-01-2010	Winter	Short-Dry	Dry	LF	January	3756	Gor_Ren_18s_2018	Vince_Billy	4	D02	TAReuk454FWD1	TAReukREV3_Miseq_0326	CTAGCTATGGAC	TareukREV3/TAReuk454FWD1	Kokima	G1072	G1072	yes	Romani	BB_SB_sol_GR	SB	GR	tbd	tbd	tbd	yes	to_qualitfy	no
G1089	7	2	2010	07-02-2010	Winter	Short-Dry	Dry	LF	February	3804	Gor_Ren_18s_2018	Vince_Billy	4	E02	TAReuk454FWD1	TAReukREV3_Miseq_0338	AAGTGGCTATCC	TareukREV3/TAReuk454FWD1	Kokima	G1072	G1089	yes	Romani	BB_SB_sol_GR	SB	GR	tbd	tbd	tbd	yes	to_qualitfy	no
G0930	26	12	2008	26-12-2008	Winter	Long-Rain	Rain	LF	December	3652	Gor_Ren_18s_2018	Vince_Billy	4	H01	TAReuk454FWD1	TAReukREV3_Miseq_0373	TGACTAATGGCC	TareukREV3/TAReuk454FWD1	Kongolo	G0930	G0930	no	Romani	BB_sol	BB	sol	tbd	tbd	tbd	no	none	no
G0257	29	11	2001	29-11-2001	Fall	Long-Rain	Rain	LF	November	2122	Gor_Ren_18s_2018	Vince_Billy	4	B09	TAReuk454FWD1	TAReukREV3_Miseq_0309	ACTTTGCTTTGC	TareukREV3/TAReuk454FWD1	L50	G0257	G0257	no	Lokoue	SB_GR	SB	GR	tbd	tbd	tbd	no	none	yes
G1086	6	2	2010	06-02-2010	Winter	Short-Dry	Dry	LF	February	3795	Gor_Ren_18s_2018	Vince_Billy	4	D04	TAReuk454FWD1	TAReukREV3_Miseq_0328	ACCTGGGAATAT	TareukREV3/TAReuk454FWD1	Ludi	G1086	G1086	no	Romani	BB_sol	BB	sol	tbd	tbd	tbd	no	none	no
G1078	30	1	2010	30-01-2010	Winter	Short-Dry	Dry	LF	January	3771	Gor_Ren_18s_2018	Vince_Billy	4	C05	TAReuk454FWD1	TAReukREV3_Miseq_0317	TGTGTAGCCATG	TareukREV3/TAReuk454FWD1	Lutin	G1078	G1078	no	Romani	SB_sol	SB	sol	tbd	tbd	tbd	no	none	yes
G0009	29	3	2000	29-03-2000	Spring	Short-Rain	Rain	LF	April	68	Gor_Ren_18s_2018	Vince_Billy	4	B03	TAReuk454FWD1	TAReukREV3_Miseq_0303	GTACTGAAGATC	TareukREV3/TAReuk454FWD1	Maya1	G0009	G0009	no	Maya	unknown	unknown	unknown	tbd	tbd	tbd	unknown	NA	NA
G0015	6	4	2000	06-04-2000	Spring	Short-Rain	Rain	LF	April	73	Gor_Ren_18s_2018	Vince_Billy	4	H03	TAReuk454FWD1	TAReukREV3_Miseq_0375	ATTGCAAGCAAC	TareukREV3/TAReuk454FWD1	Maya2	G0015	G0015	no	Maya	unknown	unknown	unknown	tbd	tbd	tbd	unknown	NA	NA
G0021	12	4	2000	12-04-2000	Spring	Short-Rain	Rain	LF	April	77_761	Gor_Ren_18s_2018	Vince_Billy	4	H04	TAReuk454FWD1	TAReukREV3_Miseq_0376	CACGTGACATGT	TareukREV3/TAReuk454FWD1	Maya3	G0021	G0021	no	Maya	unknown	unknown	unknown	tbd	tbd	tbd	unknown	NA	NA
G0022	12	4	2000	12-04-2000	Spring	Short-Rain	Rain	LF	April	88	Gor_Ren_18s_2018	Vince_Billy	4	H06	TAReuk454FWD1	TAReukREV3_Miseq_0378	CTAGGATCACTG	TareukREV3/TAReuk454FWD1	Maya4	G0022	G0022	no	Maya	unknown	unknown	unknown	tbd	tbd	tbd	unknown	NA	NA
G0019	9	4	2000	09-04-2000	Spring	Short-Rain	Rain	LF	April	759_771	Gor_Ren_18s_2018	Vince_Billy	4	H07	TAReuk454FWD1	TAReukREV3_Miseq_0379	GATGACCCAAAT	TareukREV3/TAReuk454FWD1	Maya5	G0019	G0019	no	Maya	unknown	unknown	unknown	tbd	tbd	tbd	unknown	NA	NA
G0601	21	7	2004	21-07-2004	Summer	Long-Dry	Dry	HF	July	1678	Gor_Ren_18s_2018	Vince_Billy	4	H08	TAReuk454FWD1	TAReukREV3_Miseq_0380	ACCGGAGTAGGA	TareukREV3/TAReuk454FWD1	Maya6	G0601	G0601	no	Maya	unknown	unknown	unknown	tbd	tbd	tbd	unknown	NA	NA
G0602	28	7	2004	28-07-2004	Summer	Long-Dry	Dry	HF	July	1844	Gor_Ren_18s_2018	Vince_Billy	4	H10	TAReuk454FWD1	TAReukREV3_Miseq_0382	AACACTCGATCG	TareukREV3/TAReuk454FWD1	Maya7	G0602	G0602	no	Maya	unknown	unknown	unknown	tbd	tbd	tbd	unknown	NA	NA
G1717	21	1	2015	21-01-2015	Winter	Short-Dry	Dry	LF	January	5962	Gor_Ren_18s_2018	Vince_Billy	4	H11	TAReuk454FWD1	TAReukREV3_Miseq_0383	GGAGGAGCAATA	TareukREV3/TAReuk454FWD1	Maya8	G1717	G1717	no	Maya	unknown	unknown	unknown	tbd	tbd	tbd	unknown	NA	NA
G0667	30	3	2005	30-03-2005	Spring	Short-Rain	Rain	LF	March	2441	Gor_Ren_18s_2018	Vince_Billy	4	C09	TAReuk454FWD1	TAReukREV3_Miseq_0321	TATGAACGTCCG	TareukREV3/TAReuk454FWD1	Minimee_L61	G0667	G0667	yes	Lokoue	SB_sol	SB	sol	tbd	tbd	tbd	no	none	yes
G0761	10	9	2005	10-09-2005	Fall	Long-Dry	Dry	LF	September	2600	Gor_Ren_18s_2018	Vince_Billy	4	D09	TAReuk454FWD1	TAReukREV3_Miseq_0333	TTATGGTACGGA	TareukREV3/TAReuk454FWD1	Minimee_L61	G0667	G0761	yes	Lokoue	SB_sol	SB	sol	tbd	tbd	tbd	no	none	yes
G0497	24	3	2004	24-03-2004	Spring	Short-Rain	Rain	LF	March	1208	Gor_Ren_18s_2018	Vince_Billy	4	F11	TAReuk454FWD1	TAReukREV3_Miseq_0359	GCTATCAAGACA	TareukREV3/TAReuk454FWD1	Moba1	G0497	G0497	no	Moba	unknown	SB	GR	tbd	tbd	tbd	unknown	NA	NA
G0513	26	3	2004	26-03-2004	Spring	Short-Rain	Rain	LF	March	1247	Gor_Ren_18s_2018	Vince_Billy	4	G11	TAReuk454FWD1	TAReukREV3_Miseq_0371	AAGACGTAGCGG	TareukREV3/TAReuk454FWD1	Moba2	G0513	G0513	no	Moba	unknown	SB	GR	tbd	tbd	tbd	unknown	NA	NA
G0512	26	3	2004	26-03-2004	Spring	Short-Rain	Rain	LF	March	1262	Gor_Ren_18s_2018	Vince_Billy	4	A12	TAReuk454FWD1	TAReukREV3_Miseq_0300	CTCTTCTGATCA	TareukREV3/TAReuk454FWD1	Moba3	G0512	G0512	no	Moba	unknown	SB	GR	tbd	tbd	tbd	unknown	NA	NA
G0520	27	3	2004	27-03-2004	Spring	Short-Rain	Rain	LF	March	1278	Gor_Ren_18s_2018	Vince_Billy	4	B12	TAReuk454FWD1	TAReukREV3_Miseq_0312	GAGGACCAGCAA	TareukREV3/TAReuk454FWD1	Moba4	G0520	G0520	no	Moba	unknown	SB	GR	tbd	tbd	tbd	unknown	NA	NA
G0524	27	3	2004	27-03-2004	Spring	Short-Rain	Rain	LF	March	1282	Gor_Ren_18s_2018	Vince_Billy	4	C12	TAReuk454FWD1	TAReukREV3_Miseq_0324	AAGTCACACACA	TareukREV3/TAReuk454FWD1	Moba5	G0524	G0524	no	Moba	unknown	SB	GR	tbd	tbd	tbd	unknown	NA	NA
G0533	29	3	2004	29-03-2004	Spring	Short-Rain	Rain	LF	March	1339	Gor_Ren_18s_2018	Vince_Billy	4	D12	TAReuk454FWD1	TAReukREV3_Miseq_0336	GGCTGCATACTC	TareukREV3/TAReuk454FWD1	Moba6	G0533	G0533	no	Moba	unknown	SB	GR	tbd	tbd	tbd	unknown	NA	NA
G0539	29	3	2004	29-03-2004	Spring	Short-Rain	Rain	LF	March	1353	Gor_Ren_18s_2018	Vince_Billy	4	E12	TAReuk454FWD1	TAReukREV3_Miseq_0348	GTTCCTCCATTA	TareukREV3/TAReuk454FWD1	Moba7	G0539	G0539	no	Moba	unknown	SB	GR	tbd	tbd	tbd	unknown	NA	NA
G0557	31	3	2004	31-03-2004	Spring	Short-Rain	Rain	LF	March	1394	Gor_Ren_18s_2018	Vince_Billy	4	F12	TAReuk454FWD1	TAReukREV3_Miseq_0360	CCGTGACAACTC	TareukREV3/TAReuk454FWD1	Moba8	G0557	G0557	no	Moba	unknown	SB	GR	tbd	tbd	tbd	unknown	NA	NA
G0574	31	3	2004	31-03-2004	Spring	Short-Rain	Rain	LF	March	1507	Gor_Ren_18s_2018	Vince_Billy	4	G12	TAReuk454FWD1	TAReukREV3_Miseq_0372	TTACCTTACACC	TareukREV3/TAReuk454FWD1	Moba9	G0574	G0574	no	Moba	unknown	SB	GR	tbd	tbd	tbd	unknown	NA	NA
G0922	15	8	2008	15-08-2008	Summer	Long-Dry	Dry	HF	August	3981	Gor_Ren_18s_2018	Vince_Billy	4	B10	TAReuk454FWD1	TAReukREV3_Miseq_0310	CAAAGCGGTATT	TareukREV3/TAReuk454FWD1	Moebus_exbb_sylvestre	G0922	G0922	no	Lokoue	BB_sol_GR	BB	GR	tbd	tbd	tbd	no	none	yes
G0664	6	6	2005	06-06-2005	Summer	Long-Dry	Dry	LF	June	2438	Gor_Ren_18s_2018	Vince_Billy	4	C11	TAReuk454FWD1	TAReukREV3_Miseq_0323	TCAGTCAGATGA	TareukREV3/TAReuk454FWD1	Moise	G0664	G0664	no	Lokoue	SB_sol	SB	sol	tbd	tbd	tbd	no	none	yes
G0819	21	4	2006	21-04-2006	Spring	Short-Rain	Rain	LF	April	2991	Gor_Ren_18s_2018	Vince_Billy	4	B01	TAReuk454FWD1	TAReukREV3_Miseq_0301	ATGCTAACCACG	TareukREV3/TAReuk454FWD1	Murphy	G0819	G0819	yes	Romani	SB_sol_GR	SB	GR	tbd	tbd	tbd	no	none	yes/no
G0987	7	7	2009	07-07-2009	Summer	Long-Dry	Dry	HF	July	3274	Gor_Ren_18s_2018	Vince_Billy	4	E01	TAReuk454FWD1	TAReukREV3_Miseq_0337	TTGGTAAAGTGC	TareukREV3/TAReuk454FWD1	Murphy	G0819	G0987	yes	Romani	SB_sol_GR	SB	GR	tbd	tbd	tbd	no	none	yes/no
G0995	31	7	2009	31-07-2009	Summer	Long-Dry	Dry	HF	July	3336	Gor_Ren_18s_2018	Vince_Billy	4	G01	TAReuk454FWD1	TAReukREV3_Miseq_0361	CGTTCCTTGTTA	TareukREV3/TAReuk454FWD1	Murphy	G0819	G0995	yes	Romani	SB_sol_GR	SB	GR	tbd	tbd	tbd	no	none	yes/no
neg1	neg1	neg1	neg1	neg1	neg1	neg1	neg1	neg1	neg1	neg1	Gor_Ren_18s_2018	Vince_Billy	4	A03	TAReuk454FWD1	TAReukREV3_Miseq_0291	TAAGGCATCGCT	TareukREV3/TAReuk454FWD1	Neg1	Neg	neg1	no	neg1	neg1	neg1	neg1	tbd	tbd	tbd	neg1	neg1	neg1
neg2	neg2	neg2	neg2	neg2	neg2	neg2	neg2	neg2	neg2	neg2	Gor_Ren_18s_2018	Vince_Billy	4	H05	TAReuk454FWD1	TAReukREV3_Miseq_0377	CACAGTTGAAGT	TareukREV3/TAReuk454FWD1	Neg2	Neg	neg2	no	neg2	neg2	neg2	neg2	tbd	tbd	tbd	neg2	neg2	neg2
neg3	neg3	neg3	neg3	neg3	neg3	neg3	neg3	neg3	neg3	neg3	Gor_Ren_18s_2018	Vince_Billy	4	H09	TAReuk454FWD1	TAReukREV3_Miseq_0381	TGAGGACTACCT	TareukREV3/TAReuk454FWD1	Neg3	Neg	neg3	no	neg3	neg3	neg3	neg3	tbd	tbd	tbd	neg3	neg3	neg3
neg4	neg4	neg4	neg4	neg4	neg4	neg4	neg4	neg4	neg4	neg4	Gor_Ren_18s_2018	Vince_Billy	4	H12	TAReuk454FWD1	TAReukREV3_Miseq_0384	AGCGACGAAGAC	TareukREV3/TAReuk454FWD1	Neg4	Neg	neg4	no	neg4	neg4	neg4	neg4	tbd	tbd	tbd	neg4	neg4	neg4
G1392	14	3	2014	14-03-2014	Spring	Short-Rain	Rain	LF	March	4813	Gor_Ren_18s_2018	Vince_Billy	4	C10	TAReuk454FWD1	TAReukREV3_Miseq_0322	CCACATTGGGTC	TareukREV3/TAReuk454FWD1	Obella	G1392	G1392	no	Lokoue	BB_SB_sol_GR	SB	GR	tbd	tbd	tbd	no	none	no
G0821	23	4	2006	23-04-2006	Spring	Short-Rain	Rain	LF	April	2992	Gor_Ren_18s_2018	Vince_Billy	4	C01	TAReuk454FWD1	TAReukREV3_Miseq_0313	AATAGCATGTCG	TareukREV3/TAReuk454FWD1	Orphe	G0821	G0821	yes	Romani	BB_sol	BB	sol	tbd	tbd	tbd	no	none	yes
G0822	23	4	2006	23-04-2006	Spring	Short-Rain	Rain	LF	April	6013	Gor_Ren_18s_2018	Vince_Billy	4	G02	TAReuk454FWD1	TAReukREV3_Miseq_0362	GGAATTATCGGT	TareukREV3/TAReuk454FWD1	Orphe	G0821	G0821	yes	Romani	BB_sol	BB	sol	tbd	tbd	tbd	no	none	yes
G0295	20	12	2001	20-12-2001	Winter	Long-Rain	Rain	LF	December	404	Gor_Ren_18s_2018	Vince_Billy	4	A07	TAReuk454FWD1	TAReukREV3_Miseq_0295	CTACGAAAGCCT	TareukREV3/TAReuk454FWD1	Pacha_S6_GS6	G0295	G0295	no	Lokoue	SB_GNR	SB	GR	tbd	tbd	tbd	no	none	yes
G0883	12	7	2008	12-07-2008	Summer	Long-Dry	Dry	HF	July	3213	Gor_Ren_18s_2018	Vince_Billy	4	B04	TAReuk454FWD1	TAReukREV3_Miseq_0304	TCGCCGTGTACA	TareukREV3/TAReuk454FWD1	Papillon	G0883	G0883	yes	Romani	BB_SB_sol_GR	SB	GR	tbd	tbd	tbd	yes	to_qualitfy	yes/no
G0994	24	7	2009	24-07-2009	Summer	Long-Dry	Dry	HF	July	3294	Gor_Ren_18s_2018	Vince_Billy	4	C04	TAReuk454FWD1	TAReukREV3_Miseq_0316	ATAGGCTGTAGT	TareukREV3/TAReuk454FWD1	Papillon	G0883	G0994	yes	Romani	BB_SB_sol_GR	SB	GR	tbd	tbd	tbd	yes	to_qualitfy	yes/no
G1176	24	2	2013	24-02-2013	Winter	Short-Dry	Dry	LF	February	4123	Gor_Ren_18s_2018	Vince_Billy	4	F04	TAReuk454FWD1	TAReukREV3_Miseq_0352	CATGCCAACATG	TareukREV3/TAReuk454FWD1	Papillon	G0883	G1176	yes	Romani	BB_SB_sol_GR	SB	GR	tbd	tbd	tbd	yes	to_qualitfy	yes/no
G1135	27	1	2013	27-01-2013	Winter	Short-Dry	Dry	LF	January	4032	Gor_Ren_18s_2018	Vince_Billy	4	E04	TAReuk454FWD1	TAReukREV3_Miseq_0340	TCGATTGGCCGT	TareukREV3/TAReuk454FWD1	Rega	G1135	G1135	no	Romani	SB_sol	SB	sol	tbd	tbd	tbd	yes	to_qualitfy	no
G0727	24	8	2005	24-08-2005	Summer	Long-Dry	Dry	HF	August	2850	Gor_Ren_18s_2018	Vince_Billy	4	E03	TAReuk454FWD1	TAReukREV3_Miseq_0339	AACCGATGTACC	TareukREV3/TAReuk454FWD1	Riba	G0727	G0727	yes	Romani	SB_sol	SB	sol	tbd	tbd	tbd	no	none	yes
G0735	4	9	2005	04-09-2005	Fall	Long-Dry	Dry	LF	September	2888	Gor_Ren_18s_2018	Vince_Billy	4	F03	TAReuk454FWD1	TAReukREV3_Miseq_0351	CGATCGAACACT	TareukREV3/TAReuk454FWD1	Riba	G0727	G0735	yes	Romani	SB_sol	SB	sol	tbd	tbd	tbd	no	none	yes
G0808	4	4	2006	04-04-2006	Spring	Short-Rain	Rain	LF	April	2981	Gor_Ren_18s_2018	Vince_Billy	4	A04	TAReuk454FWD1	TAReukREV3_Miseq_0292	ACCCATACAGCC	TareukREV3/TAReuk454FWD1	Riba	G0727	G0808	yes	Romani	SB_sol	SB	sol	tbd	tbd	tbd	no	none	yes
G0989	19	7	2009	19-07-2009	Summer	Long-Dry	Dry	HF	July	3279	Gor_Ren_18s_2018	Vince_Billy	4	F01	TAReuk454FWD1	TAReukREV3_Miseq_0349	ACCTGTCCTTTC	TareukREV3/TAReuk454FWD1	Ribambel	G0989	G0989	yes	Romani	SB_sol_GR	SB	GR	tbd	tbd	tbd	yes	to_qualitfy	yes
G1374	4	5	2014	04-05-2014	Spring	Short-Rain	Rain	LF	May	6148	Gor_Ren_18s_2018	Vince_Billy	4	H02	TAReuk454FWD1	TAReukREV3_Miseq_0374	CTCTCTCACTTG	TareukREV3/TAReuk454FWD1	Ribambel	G0989	G1374	yes	Romani	SB_sol_GR	SB	GR	tbd	tbd	tbd	yes	to_qualitfy	yes
G0969	24	12	2008	24-12-2008	Winter	Long-Rain	Rain	LF	December	3745	Gor_Ren_18s_2018	Vince_Billy	4	G09	TAReuk454FWD1	TAReukREV3_Miseq_0369	TTACCGACGAGT	TareukREV3/TAReuk454FWD1	Robin_GS14	G0969	G0969	yes	Lokoue	SB_sol	SB	sol	tbd	tbd	tbd	yes	to_qualitfy	yes
G0985	14	2	2009	14-02-2009	Winter	Short-Dry	Dry	LF	February	3331	Gor_Ren_18s_2018	Vince_Billy	4	F09	TAReuk454FWD1	TAReukREV3_Miseq_0357	TTCTCATGGAGG	TareukREV3/TAReuk454FWD1	Robin_GS14	G0969	G0985	yes	Lokoue	SB_sol	SB	sol	tbd	tbd	tbd	yes	to_qualitfy	yes
G0418	10	7	2002	10-07-2002	Summer	Long-Dry	Dry	HF	July	5446	Gor_Ren_18s_2018	Vince_Billy	4	E10	TAReuk454FWD1	TAReukREV3_Miseq_0346	GCAACCGATTGT	TareukREV3/TAReuk454FWD1	S01	G0418	G0418	no	Lokoue	SB_sol	SB	sol	tbd	tbd	tbd	no	none	yes
G0209	6	11	2001	06-11-2001	Fall	Long-Rain	Rain	LF	November	5443	Gor_Ren_18s_2018	Vince_Billy	4	D10	TAReuk454FWD1	TAReukREV3_Miseq_0334	GCTAGTTATGGA	TareukREV3/TAReuk454FWD1	S27	G0209	G0209	no	Lokoue	SB_sol	SB	sol	tbd	tbd	tbd	no	none	yes
G1042	17	9	2009	17-09-2009	Fall	Long-Dry	Dry	LF	September	3488	Gor_Ren_18s_2018	Vince_Billy	4	C08	TAReuk454FWD1	TAReukREV3_Miseq_0320	TAATGCCCAGGT	TareukREV3/TAReuk454FWD1	Seb	G1042	G1042	no	Lokoue	SB_sol	SB	sol	tbd	tbd	tbd	no	none	no
G0467	29	11	2003	29-11-2003	Fall	Long-Rain	Rain	LF	November	1714	Gor_Ren_18s_2018	Vince_Billy	4	A09	TAReuk454FWD1	TAReukREV3_Miseq_0297	GGCATGTTATCG	TareukREV3/TAReuk454FWD1	Sylvestre_S11_GS11	G0467	G0467	no	Lokoue	SB_sol_GNR	SB	GR	tbd	tbd	tbd	no	none	yes
G0668	31	3	2005	31-03-2005	Spring	Short-Rain	Rain	LF	March	2432	Gor_Ren_18s_2018	Vince_Billy	4	B11	TAReuk454FWD1	TAReukREV3_Miseq_0311	CGAAACTACGTA	TareukREV3/TAReuk454FWD1	Tino	G0668	G0668	yes	Lokoue	SB_sol	SB	sol	tbd	tbd	tbd	no	none	yes/no
G0823	8	5	2006	08-05-2006	Spring	Short-Rain	Rain	LF	May	3156	Gor_Ren_18s_2018	Vince_Billy	4	D11	TAReuk454FWD1	TAReukREV3_Miseq_0335	CAGATTAACCAG	TareukREV3/TAReuk454FWD1	Tino	G0668	G0823	yes	Lokoue	SB_sol	SB	sol	tbd	tbd	tbd	no	none	yes/no
G1253	29	3	2013	29-03-2013	Spring	Short-Rain	Rain	LF	March	4288	Gor_Ren_18s_2018	Vince_Billy	4	E05	TAReuk454FWD1	TAReukREV3_Miseq_0341	GCATTACTGGAC	TareukREV3/TAReuk454FWD1	Tyson	G1253	G1253	yes	Romani	SB_sol	SB	sol	tbd	tbd	tbd	no	none	yes
G1254	29	3	2013	29-03-2013	Spring	Short-Rain	Rain	LF	March	6022	Gor_Ren_18s_2018	Vince_Billy	4	D06	TAReuk454FWD1	TAReukREV3_Miseq_0330	ATATGACCCAGC	TareukREV3/TAReuk454FWD1	Tyson	G1253	G1253	yes	Romani	SB_sol	SB	sol	tbd	tbd	tbd	no	none	yes
G0673	17	5	2005	17-05-2005	Spring	Short-Rain	Rain	LF	May	2459	Gor_Ren_18s_2018	Vince_Billy	4	C03	TAReuk454FWD1	TAReukREV3_Miseq_0315	CTGTGTCCATGG	TareukREV3/TAReuk454FWD1	Upe	G0673	G0673	no	Romani	BB_sol	BB	sol	tbd	tbd	tbd	yes	to_qualitfy	yes
G0674	27	5	2005	27-05-2005	Spring	Short-Rain	Rain	LF	May	2460	Gor_Ren_18s_2018	Vince_Billy	4	D03	TAReuk454FWD1	TAReukREV3_Miseq_0327	CTTGACGAGGTT	TareukREV3/TAReuk454FWD1	Vidole	G0674	G0674	yes	Romani	SB_sol	SB	sol	tbd	tbd	tbd	yes	to_qualitfy	yes
G0772	3	6	2005	03-06-2005	Summer	Long-Dry	Dry	LF	June	2908	Gor_Ren_18s_2018	Vince_Billy	4	G03	TAReuk454FWD1	TAReukREV3_Miseq_0363	CATCAAGCATAG	TareukREV3/TAReuk454FWD1	Vidole	G0674	G0772	yes	Romani	SB_sol	SB	sol	tbd	tbd	tbd	yes	to_qualitfy	yes
G0763	22	6	2006	22-06-2006	Summer	Long-Dry	Dry	LF	June	3945	Gor_Ren_18s_2018	Vince_Billy	4	A10	TAReuk454FWD1	TAReukREV3_Miseq_0298	AGGCACAGTAGG	TareukREV3/TAReuk454FWD1	Yopi_SubmoucheL27	G0763	G0763	no	Lokoue	SB_GNR	SB	GR	tbd	tbd	tbd	no	none	yes
G1343	5	5	2014	05-05-2014	Spring	Short-Rain	Rain	LF	May	6055	Gor_Ren_18s_2018	Vince_Billy	4	E06	TAReuk454FWD1	TAReukREV3_Miseq_0342	TTGGGCCACATA	TareukREV3/TAReuk454FWD1	Yugos	G1343	G1343	yes	Romani	BB_sol	BB	sol	tbd	tbd	tbd	no	none	yes
G1384	14	5	2014	14-05-2014	Spring	Short-Rain	Rain	LF	May	6172	Gor_Ren_18s_2018	Vince_Billy	4	G06	TAReuk454FWD1	TAReukREV3_Miseq_0366	GGCAAATACACT	TareukREV3/TAReuk454FWD1	Yugos	G1343	G1384	yes	Romani	BB_sol	BB	sol	tbd	tbd	tbd	no	none	yes
